Short Name,sku,price
Petit Village,PETI002,65.50
"Pastor Diaz, Rioja Valdejimena Crianza",,11.80
"Pastor Diaz, Rioja Valdejimena Tempranillo",,10.50
Petit Village,PETI003,72.75
"Villaudiere, Sancerre",,16.30
"Guillopees, Sancerre Cuvee Henri Vernoy",,14.90
"Serio and Borgogno, Barolo Riserva",,25.55
Chateau L'Enclos,,43.65
Talbot,TALB003,94.55
"Fleur des Pins, Doux",FLEU002,10.20
Saint Georges,,162.60
"Graham, Tawny Port",,236.20
"Graham, Tawny Port",,299.50
"Vieil-Armagnac, Recolte 1942",,366.00
"Vieil-Armagnac, Recolte 1946",,366.00
"Vieil-Armagnac, Recolte 1953",,300.00
"Vieil-Armagnac, Recolte 1956",,257.00
"Vieil-Armagnac, Recolte 1960",,227.00
"Vieil-Armagnac, VSOP",,47.00
"Moet & Chandon, Dom Perignon",,145.50
"Veuve Clicquot, Yellow Label",,44.50
"Henry Drive Vignerons, Parsons Flat",,24.50
Berliquet,,40.75
"Valle Andino Gran Reserva, Cabernet Sauvignon",VALL009,14.10
"Valle Andino Gran Reserva, Merlot",VALL010,14.10
"Landes, Cuvee Tradition",,18.30
"Poggio Salvi, Vino Nobile",POGG006,21.10
"Antonin Guyon, Cote de Beaune Villages",,24.60
"Friarwood, Bourgogne Blanc Chatelaine",,9.90
Conseillante,CONS002,189.15
"Ellevin, Chablis Vosgros",,22.50
"Ellevin, Petit Chablis",,13.85
"Ellevin, Chablis",,9.45
"Charles Deloire, Pouilly Fume",,14.85
"Quatre Tours, Provence Rose",,9.90
"Monteviejo, Mendoza Malbec",,26.20
"Valle Andino Reserva, Syrah",,9.80
Conseillante,CONS003,249.70
"Valle Andino Reserva, Carmenere",,9.80
"Guillopees, Sancerre Cuvee Henri Vernoy Rose",,15.70
"Altovela, Tempranillo Cumplido",,6.85
"Castra Rubra, Dominant White",CAST002,10.50
"Castra Rubra, Motley Cock White",CAST004,9.80
"Olivier Ravoire, Chateauneuf du Pape",OLIV001,28.40
"Friarwood, Saumon Sauvignon Blanc",FRIA001,8.50
Saint Georges,GEOR002,
Cos d'Estournel,COSE001,211.00
Cos d'Estournel,COSE002,181.90
"Coche-Bouillot, Meursault Charmes",BOUI001,53.10
Grand Puy Lacoste,GRAN007,61.10
Leoville Poyferre,LEOP003,101.85
"Citari, San Martino Della Battaglia Vv",CITA002,11.80
"Monteviejo, Petite Fleur",MONT001,16.90
"Altovela, Sauvignon Blanc Cumplido",,6.85
Figeac,,196.40
Cantenac Brown,CANT001,72.75
"Corte Aleardi, Amarone Valpolicella Classico",CORT003,98.70
Clos Fourtet,CLOSF001,109.15
Dauzac,DAUZ002,46.55
"Antonin Guyon, Chorey les Beaune Champs Longs",GUYO007,14.90
"Henri Delagrange, Pommard Vaumuriens Hauts",DELA001,32.30
"Jean Cordier, Saint Veran",CORD001,17.10
Mille Roses (Haut Medoc),MILL006,15.13
Mille Roses (Haut Medoc),MILL003,22.10
"Lucas, Grand Lucas Prestige",LUCA003,40.75
"Bassac, Lo Bartas Rose",BASS001,15.00
"Friarwood, Marcassin Merlot",FRIA002,8.50
"Grand Montmirail, Gigondas Beauchamp",,20.40
"Monteviejo, Lindaflor",MONT004,37.95
Montrose,MONT015,94.60
"Monteviejo, Festivo Malbec",MONT002,10.55
Lisennes,LISE001,9.85
Lafon Rochet,LAFO001,65.50
Lafon Rochet,LAFO002,66.00
"Michel Wust, Gewurztraminer Tradition",MICH001,14.10
"Graham, Late Bottled Vintage Port",,16.40
"Marchesi Barolo, Picit Langue",BARO001,48.90
Grand Corbin,CORB001,32.75
Leoville Poyferre,LEOP002,247.35
Gloria,GLOR001,57.00
Grand Puy Lacoste,GRAN004,69.85
Gay,LEGA001,116.40
"Vincent Prunier, Puligny Montrachet Garennes",PRUN002,39.30
"Valle Andino Reserva Especial, Pinot Noir",VALL008,14.10
"Antonin Guyon, Chorey les Beaune Champs Longs",GUYO006,25.40
Petit Village,PETI001,61.10
"Poggio Salvi, Campo Del Bosco",POGG005,25.10
Trois Origines,ORIG001,37.10
Saint Georges,GEOR003,16.65
Saint Georges,GEOR001,26.00
"Vignes Tracey, Pouilly Fume",TRAC002,0.00
"Pignataro, Trebbiano d'Abruzzo",PIGN002,8.00
"Poggio Salvi, Chianti Colli Senesi",POGG002,12.75
Ormes Pez,ODPE002,61.10
Suduiraut,SUDU001,54.55
"Tonon, Prosecco Spumante Villa Teresa",TONO004,11.80
Rieussec,RIEU003,58.20
"Tonon, Pinot Grigio Venezia",TONO002,11.20
"Tonon, Pinot Grigio Villa Teresa",TONO001,9.80
Rieussec,RIEU002,55.30
"Ormer Bay, Chardonnay",,7.80
Ormes Pez,ODPE001,50.90
Suduiraut,SUDU002,58.20
Talbot,TALB001,78.40
Pichon Lalande,PICH003,269.20
Ormes Pez,ODPE007,58.20
Tour Figeac,TOUR002,40.00
Potensac,POTE001,43.65
"Friarwood, Champagne Brut",FRIA005,64.80
"Friarwood, Champagne Brut",FRIA004,16.25
"Castra Rubra, Butterfly's Rock",CAST006,15.70
Vignol,VIGN001,10.50
"Poggio Salvi, Chianti Colli Senesi",POGG003,8.60
Pichon Baron,BARO003,72.75
"Vincent Bouzereau, Meursault",BOUZ001,39.10
Leoville Las Cases,LEOV001,283.70
"Agro de Bazan, Albarino Contrapunto",AGRO001,12.95
Potensac,POTE002,29.50
Talbot,TALB002,50.95
Giscours,GISC003,43.65
"Lucas, Grand Lucas Prestige",LUCA001,15.90
Pointe,POIN001,22.45
Clos Rene,CLOS002,24.00
Camensac,CAME001,26.90
"Stracquadaini, Don Sari",,17.90
Bellegrave,BELLE003,24.00
"Vitalonga, Terra Di Confine",VITA001,17.10
"Graham, Malvedos Vintage Port",,41.10
"Castra Rubra, Castra Rubra",CAST005,14.90
"Castra Rubra, Motley Cock Red",CAST003,9.80
"Castra Rubra, Petit Manseng",CAST008,15.70
"Lucas, Grand Lucas Prestige",LUCA002,9.40
Saint Georges,GEOR004,65.55
Ormes Pez,ODPE004,46.55
Leoville Las Cases,LEOV002,363.75
Leoville Barton,BART004,145.00
"Richard, Condrieu Amaraze",RICH001,29.85
"Charles Deloire, Pouilly Fume",,8.50
"Verne Maziere, Fleurie Madone",VERN002,8.35
"Veuve Clicquot, Yellow Label",,23.00
"Jean Filloux, Cognac Tres Vieux",,95.00
"Jean Filloux, Cognac Cep d'Or",,77.45
"Ellevin, Chablis Vaucoupin",ELLE006,12.35
"Antonin Guyon, Savigny les Beaune",,28.80
"Friarwood, Champagne Brut",FRIA003,27.70
"Clos des Pins, Graves",FLEU001,9.80
Ducru Beaucaillou,DUCR001,145.50
Ducru Beaucaillou,DUCR002,145.50
Mouton Rothschild,MOUT002,691.15
Leoville Las Cases,LEOV004,145.50
Evangile,EVAN001,261.90
Ducru Beaucaillou,DUCR003,261.90
Palmer,PALM002,247.35
Conseillante,CONS001,189.15
"Moet & Chandon, Imperial Champagne",,25.50
Evangile,EVAN002,203.70
Pichon Baron,BARO002,174.60
Pontet Canet,PONT001,174.60
Lagrange,,123.70
Smith Haut Lafitte,SMIT001,145.55
Climens,CLIM001,47.50
Lascombes,LASC005,101.85
Taylor,,225.00
Rieussec,RIEU001,55.30
Cambon Pelouse,CAMB001,40.75
Branaire Ducru,BRAN001,109.15
Rieussec,RIEU004,61.10
Figeac,FIGE002,181.90
"Ferraton, Hermitage Miaux",,40.80
Lascombes,LASC001,109.15
"Domaine Guyon, Vosne Romanee Orveaux",GUYO010,75.50
Fleur Gay,FGAY001,98.95
Brane Cantenac,BCAN001,101.85
Lynch Bages,LYNC002,160.05
Giscours,GISC001,72.75
Gaffeliere,GAFF001,87.30
Sociando Mallet,SOCI001,80.00
Giscours,GISC002,72.75
Dominique,DOMI001,69.85
"Veuve Clicquot, Yellow Label",,92.30
Giscours,GISC004,80.05
Boyd Cantenac,BOYD003,72.75
Trottevieille,TROT001,69.85
Lagune,LAGU001,65.45
Taylor,,84.55
Grand Puy Ducasse,DUCA001,65.50
Pointe,POIN002,43.65
Poujeaux,POUJ001,50.90
Pavie Decesse,,40.75
Pouget,POUG001,62.00
Montviel,MONT0013,49.70
Sociando Mallet,SOCI003,65.50
"Domaine Pierre Andre, Corton Pougets",,54.20
Chasse Spleen,CHASS001,43.65
Camensac,CAME002,46.55
"Tonon, Prosecco Frizzante Corda",TONO003,15.50
"Antonin Guyon, Aloxe Corton Fournieres",,49.00
"Bollinger, Rose",,55.00
"Mont Auriol, Viognier",MONT006,8.95
"Mont Auriol, Chardonnay",MONT008,8.95
"Castra Rubra, Dominant Red",CAST001,9.80
"Castra Rubra, Nimbus Pinot Noir",CAST007,20.50
"Ellevin, Chablis",ELLE002,14.90
"Antonin Guyon, Savigny les Beaune",GUYO009,17.80
"Pastor Diaz, Rioja Valdejimena Gran Reserva",PAST001,23.90
Pichon Lalande,PICH001,363.75
Lynch Bages,LYNC003,334.65
Lynch Bages,LYNC001,160.05
"Ruinart, Rose",,119.70
Lascombes,LASC003,218.25
"Domaine Dominique Guyon, Hautes Cotes de Nuits Dames de Vergy",,19.65
"Cailleteau Bergeron, Rouge",CAIL001,13.85
"Empson, Spumante Borgo Imperiale Brut Rose",BORG001,10.80
"Trois Celliers, Cotes du Rhone Sentier des Terroirs",TROI001,10.50
"Monteviejo, Festivo Torrontes",MONT012,10.20
"Henriques, Madeira 10 Years",,19.30
"Henriques, Madeira Full Rich",,9.75
"Ormer Bay, Sauvignon Blanc",,7.80
"Meerlust, Rubicon",MEER001,24.50
Montrose,MONT018,94.60
"Mont Auriol, Cavernet Sauvignon",MONT009,8.95
Moulin,MOUL001,142.50
"Guillopees, Sancerre Cuvee Henri Vernoy",GUIL002,8.35
Boyd Cantenac,BOYD002,72.75
Pichon Lalande,PICH004,119.30
Pichon Lalande,PICH002,160.05
Lynch Bages,LYNC004,87.30
"Marchesato Degli Aleramici, Brunello di Montalcino Carlo Magno",,36.40
Grand Puy Lacoste,GRAN003 ,130.95
Mouton Rothschild,MOUT001,691.15
Leoville Barton,BART002,130.95
Leoville Las Cases,LEOV003,167.35
"Krug, Grand Cuvee",,140.00
"Verne Maziere, Fleurie Madone",VERN001,13.90
"Ruinart, Blanc De Blancs Vv",,119.70
Calon Segur,CALO002,145.50
"Corte Aleardi, Amarone Valpolicella Classico",CORT002,42.75
"Ruinart, Blanc De Blancs Vv",,29.90
"Ruinart, Blanc De Blancs Vv",,58.00
"Louis Roederer, Theophile Brut",THEO001,37.20
"Louis Roederer, Cristal",,226.20
"Paul Dangin, Carte Or",PAUL001,13.50
Lynch Bages,LYNC006,160.05
Mouton Rothschild,MOUT003,582.00
Pichon Baron,,138.25
"Antonin Guyon, Savigny les Beaune",GUYO008,28.80
"Bollinger, Brut",,44.50
"Bollinger, Brut",,92.30
Pichon Lalande,PICH005,130.95
Rieussec,RIEU005,55.30
Grand Puy Lacoste,GRAN005,65.50
Leoville Las Cases,LEOV006,196.45
"Henri & Gilles Remoriquet, Nuits Saint Georges",REMO001,34.50
"Antonin Guyon, Cote de Beaune Villages",GUYO005,24.60
"Domaine Guyon, Echezeaux Grand Cru",GUYO011,160.05
"Poggio Salvi, Brunello Di Montalcino",POGG004,36.40
"Henri Delagrange, Volnay Vv",DELA002,29.40
"Valle Andino Reserva Especial, Chardonnay",VALL005,11.60
Fonbel,FONB001,34.95
"Vincent Prunier, Saint Aubin Frionnes",PRUN001,25.80
"Valle Andino Reserva Especial, Merlot",VALL006,11.60
"Valle Andino Reserva, Carmenere",VALL001,9.80
"Valle Andino Reserva, Cabernet Sauvignon",VALL003,9.80
"Guillopees, Sancerre Cuvee Henri Vernoy Rose",GUIL003,8.80
"Ransom, K Syrah",RANS001,26.20
"Guillopees, Sancerre Cuvee Henri Vernoy Rose",GUIL004,15.70
"Corte Aleardi, Ripasso Valpolicella Bure Alto",CORT001,19.85
"Pignataro, Montelpuciano d'Abruzzo Monte Tessa",PIGN001,8.30
"Stony, Muscat",STON001,9.85
"Quatre Tours, Provence Rose",QUAT002,24.50
"Landes, Cuvee Tradition",,36.90
Grand Puy Lacoste,GRAN006,116.40
Leoville Poyferre,LEOP001,109.15
"Antonin Guyon, Aloxe Corton Fournieres",,33.50
"Poggio Salvi, Morellino di Scansano",POGG001,12.75
"Cristo de la Vega, Tempranillo Marques de Castilla",,6.85
"Antonin Guyon, Savigny les Beaune Goudelettes",,17.80
"Antonin Guyon, Chambolle Musigney Clos Village",GUYO004,44.35
"Antonin Guyon, Gevrey Chambertin Justice",GUYO002,44.35
"Antonin Guyon, Gevrey Chambertin Justice",GUYO003,24.00
"Chassenay D'arc, Martivey Rose",CHAS002,24.90
"Chassenay D'arc, Martivey Brut",CHAS001,19.90
"Jean Chartron, Puligny Montrachet 1er Cru Clos Cailleret",,51.25
"Fernand & Laurent Pillot, Chassagne Montrachet Champgains",PILL001,40.75
"Cave Lugny, Macon Lugny Charmes",FRIA007,12.85
"Grand Montmirail, Vacqueyras Deux Frere",MONT010,16.30
"Ellevin, Chablis Vaucoupin",ELLE007,47.50
"Ellevin, Chablis",ELLE004,37.20
"Ellevin, Chablis Vaucoupin",ELLE005,22.50
"Serio and Borgogno, Barbaresco",SERI005,23.90
"Serio and Borgogno, Barbera D'Alba Superiore",SERI001,14.55
"Serio and Borgogno, Barolo Cannubi",SERI003,74.25
"Serio and Borgogno, Barolo Cannubi",SERI004,33.75
